"RK",TIERS,"PLAYER NAME",TEAM,"POS","BEST","WORST","AVG.","STD.DEV","ECR VS. ADP"
"1",1,"Ja'Marr Chase",CIN,"WR1","1","2","1.1","0.3","-"
"2",1,"Justin Jefferson",MIN,"WR2","1","2","1.9","0.3","-"
"3",1,"CeeDee Lamb",DAL,"WR3","3","9","4.2","1.8","-"
"4",1,"Bijan Robinson",ATL,"RB1","3","10","5.4","1.7","-"
"5",2,"Amon-Ra St. Brown",DET,"WR4","3","14","7.1","2.9","-"
"6",2,"Jahmyr Gibbs",DET,"RB2","4","16","7.2","2.7","-"
"7",2,"Malik Nabers",NYG,"WR5","3","14","7.4","3.5","-"
"8",2,"Puka Nacua",LAR,"WR6","4","12","8.3","2.2","-"
"9",2,"Brian Thomas Jr.",JAC,"WR7","6","18","9.7","2.8","-"
"10",2,"Nico Collins",HOU,"WR8","5","17","10.4","3.0","-"
"11",2,"Saquon Barkley",PHI,"RB3","5","28","13.1","6.7","-"
"12",3,"Brock Bowers",LV,"TE1","7","29","15.8","7.0","-"
"13",3,"A.J. Brown",PHI,"WR9","10","25","16.0","3.6","-"
"14",3,"De'Von Achane",MIA,"RB4","12","27","16.5","3.1","-"
"15",3,"Drake London",ATL,"WR10","11","27","17.2","4.5","-"
"16",3,"Ashton Jeanty",FA,"RB5","7","62","19.1","15.2","-"
"17",3,"Jonathan Taylor",IND,"RB6","13","34","21.1","6.7","-"
"18",3,"Ladd McConkey",LAC,"WR11","15","29","21.3","4.0","-"
"19",3,"Garrett Wilson",NYJ,"WR12","13","36","21.7","6.9","-"
"20",3,"Jaxon Smith-Njigba",SEA,"WR13","15","33","22.0","5.6","-"
"21",3,"Trey McBride",ARI,"TE2","13","47","25.6","8.0","-"
"22",4,"Marvin Harrison Jr.",ARI,"WR14","17","46","25.7","8.5","-"
"23",4,"Josh Allen",BUF,"QB1","19","38","25.8","5.8","-"
"24",4,"Breece Hall",NYJ,"RB7","10","50","25.9","12.7","-"
"25",4,"Tee Higgins",CIN,"WR15","17","38","26.3","5.4","-"
"26",4,"Lamar Jackson",BAL,"QB2","12","42","26.8","7.3","-"
"27",4,"Bucky Irving",TB,"RB8","12","42","26.8","8.2","-"
"28",4,"Jayden Daniels",WAS,"QB3","10","51","32.0","9.4","-"
"29",4,"Kyren Williams",LAR,"RB9","19","68","35.2","13.5","-"
"30",4,"James Cook",BUF,"RB10","21","55","35.7","10.0","-"
"31",4,"Josh Jacobs",GB,"RB11","12","65","36.6","16.2","-"
"32",4,"Rashee Rice",KC,"WR16","22","67","37.2","11.4","-"
"33",4,"DeVonta Smith",PHI,"WR17","23","59","38.4","11.6","-"
"34",5,"Zay Flowers",BAL,"WR18","27","76","38.5","11.0","-"
"35",5,"Joe Burrow",CIN,"QB4","24","56","38.8","7.2","-"
"36",5,"Terry McLaurin",WAS,"WR19","20","59","40.1","12.0","-"
"37",5,"Jalen Hurts",PHI,"QB5","28","52","40.4","6.0","-"
"38",5,"Omarion Hampton",FA,"RB12","20","77","41.0","16.2","-"
"39",5,"Jordan Addison",MIN,"WR20","27","75","41.3","10.8","-"
"40",5,"Sam LaPorta",DET,"TE3","22","64","42.2","9.5","-"
"41",5,"Tetairoa McMillan",FA,"WR21","18","93","42.3","21.1","-"
"42",5,"DK Metcalf",PIT,"WR22","33","69","46.4","10.6","-"
"43",5,"Kenneth Walker III",SEA,"RB13","25","66","46.6","12.4","-"
"44",5,"Chase Brown",CIN,"RB14","28","113","47.7","18.6","-"
"45",5,"Patrick Mahomes II",KC,"QB6","21","72","47.9","11.9","-"
"46",5,"DJ Moore",CHI,"WR23","35","78","48.0","12.0","-"
"47",5,"Rome Odunze",CHI,"WR24","28","92","48.2","20.4","-"
"48",5,"Chris Olave",NO,"WR25","25","79","50.0","18.1","-"
"49",5,"Derrick Henry",BAL,"RB15","11","75","50.4","20.1","-"
"50",5,"Christian McCaffrey",SF,"RB16","16","67","51.7","16.9","-"
"51",5,"George Kittle",SF,"TE4","31","79","52.4","13.6","-"
"52",5,"Jaylen Waddle",MIA,"WR26","37","83","53.2","16.1","-"
"53",6,"Justin Herbert",LAC,"QB7","43","77","55.4","9.2","-"
"54",6,"Jameson Williams",DET,"WR27","41","82","56.1","12.0","-"
"55",6,"Xavier Worthy",KC,"WR28","26","88","57.7","17.4","-"
"56",6,"T.J. Hockenson",MIN,"TE5","47","102","60.1","13.2","-"
"57",6,"Tyreek Hill",MIA,"WR29","18","106","60.4","22.4","-"
"58",6,"TreVeyon Henderson",FA,"RB17","45","77","61.3","10.9","-"
"59",6,"George Pickens",PIT,"WR30","43","95","63.1","14.2","-"
"60",6,"Brandon Aiyuk",SF,"WR31","39","92","63.5","15.4","-"
"61",6,"C.J. Stroud",HOU,"QB8","27","109","65.4","19.0","-"
"62",6,"Jordan Love",GB,"QB9","51","97","68.7","16.3","-"
"63",6,"Chuba Hubbard",CAR,"RB18","45","91","68.9","14.6","-"
"64",6,"Joe Mixon",HOU,"RB19","43","101","69.2","14.3","-"
"65",6,"Tyler Warren",FA,"TE6","40","130","69.7","22.7","-"
"66",6,"Mike Evans",TB,"WR32","29","99","70.6","19.6","-"
"67",6,"Emeka Egbuka",FA,"WR33","38","115","71.3","21.8","-"
"68",6,"Jerry Jeudy",CLE,"WR34","52","100","71.9","15.2","-"
"69",6,"David Njoku",CLE,"TE7","58","104","73.8","14.3","-"
"70",7,"David Montgomery",DET,"RB20","51","102","74.5","12.7","-"
"71",7,"Kyler Murray",ARI,"QB10","56","107","75.9","15.3","-"
"72",7,"Jayden Reed",GB,"WR35","57","128","76.4","17.1","-"
"73",7,"Alvin Kamara",NO,"RB21","61","98","76.8","12.2","-"
"74",7,"Bo Nix",DEN,"QB11","54","123","76.9","21.2","-"
"75",7,"Caleb Williams",CHI,"QB12","52","116","78.5","17.9","-"
"76",7,"Davante Adams",LAR,"WR36","30","112","79.8","24.9","-"
"77",7,"Dalton Kincaid",BUF,"TE8","63","101","80.2","10.2","-"
"78",7,"Chris Godwin",TB,"WR37","53","104","80.6","12.8","-"
"79",7,"Courtland Sutton",DEN,"WR38","33","111","81.3","23.2","-"
"80",7,"Mark Andrews",BAL,"TE9","48","138","82.3","28.7","-"
"81",7,"Tyrone Tracy Jr.",NYG,"RB22","59","115","83.2","14.4","-"
"82",7,"Khalil Shakir",BUF,"WR39","62","100","83.9","13.6","-"
"83",7,"Isiah Pacheco",KC,"RB23","56","144","84.2","22.2","-"
"84",7,"Luther Burden III",FA,"WR40","42","125","84.3","25.1","-"
"85",7,"Drake Maye",NE,"QB13","49","126","85.2","25.0","-"
"86",7,"Matthew Golden",FA,"WR41","67","99","87.3","9.1","-"
"87",7,"Brian Robinson Jr.",WAS,"RB24","59","117","88.2","14.0","-"
"88",7,"Josh Downs",IND,"WR42","62","113","88.4","15.2","-"
"89",7,"Tucker Kraft",GB,"TE10","53","203","89.0","37.3","-"
"90",7,"Quinshon Judkins",FA,"RB25","41","181","89.8","46.8","-"
"91",7,"Najee Harris",LAC,"RB26","55","136","89.8","17.2","-"
"92",7,"Tony Pollard",TEN,"RB27","71","108","91.4","10.6","-"
"93",7,"Travis Hunter",FA,"WR43","40","148","91.9","36.7","-"
"94",7,"Brock Purdy",SF,"QB14","54","135","91.9","21.9","-"
"95",7,"Colston Loveland",FA,"TE11","43","128","92.4","22.4","-"
"96",7,"Evan Engram",DEN,"TE12","58","120","92.5","17.2","-"
"97",7,"Jalen McMillan",TB,"WR44","60","125","93.3","16.1","-"
"98",7,"Baker Mayfield",TB,"QB15","45","151","94.1","27.8","-"
"99",7,"Michael Pittman Jr.",IND,"WR45","67","127","94.7","16.6","-"
"100",8,"James Conner",ARI,"RB28","62","136","98.2","21.9","-"
"101",8,"Ricky Pearsall",SF,"WR46","61","155","98.4","24.9","-"
"102",8,"Jared Goff",DET,"QB16","46","147","100.4","30.4","-"
"103",8,"Deebo Samuel Sr.",WAS,"WR47","76","151","100.5","19.1","-"
"104",8,"Calvin Ridley",TEN,"WR48","73","127","103.5","15.8","-"
"105",8,"Travis Etienne Jr.",JAC,"RB29","65","141","104.5","24.0","-"
"106",8,"Rhamondre Stevenson",NE,"RB30","66","135","107.4","19.4","-"
"107",8,"Kyle Pitts",ATL,"TE13","69","160","108.4","23.7","-"
"108",8,"Jakobi Meyers",LV,"WR49","83","134","110.2","13.9","-"
"109",8,"Jonnu Smith",MIA,"TE14","58","164","110.3","28.2","-"
"110",8,"Trevor Lawrence",JAC,"QB17","84","127","110.8","13.3","-"
"111",8,"Jauan Jennings",SF,"WR50","73","137","111.2","16.4","-"
"112",8,"Travis Kelce",KC,"TE15","69","153","111.6","26.8","-"
"113",8,"Dak Prescott",DAL,"QB18","74","157","112.3","17.9","-"
"114",8,"Keon Coleman",BUF,"WR51","77","183","115.6","25.2","-"
"115",8,"Aaron Jones Sr.",MIN,"RB31","84","164","116.5","25.7","-"
"116",8,"Cooper Kupp",SEA,"WR52","97","158","116.6","19.4","-"
"117",8,"D'Andre Swift",CHI,"RB32","77","146","117.9","21.3","-"
"118",8,"Stefon Diggs",NE,"WR53","94","154","119.7","16.9","-"
"119",8,"Jayden Higgins",FA,"WR54","80","157","121.9","21.2","-"
"120",8,"Darnell Mooney",ATL,"WR55","97","174","123.0","19.4","-"
"121",9,"Dallas Goedert",PHI,"TE16","107","173","127.1","15.7","-"
"122",9,"Zach Charbonnet",SEA,"RB33","87","158","127.2","21.4","-"
"123",9,"Rashid Shaheed",NO,"WR56","102","189","127.3","20.8","-"
"124",9,"Jaylen Warren",PIT,"RB34","66","177","127.4","30.9","-"
"125",9,"J.J. McCarthy",MIN,"QB19","89","202","127.8","28.7","-"
"126",9,"Tua Tagovailoa",MIA,"QB20","96","183","127.9","26.2","-"
"127",9,"Tre Harris",FA,"WR57","65","215","128.1","39.4","-"
"128",9,"Christian Kirk",HOU,"WR58","93","177","129.8","20.9","-"
"129",9,"Jake Ferguson",DAL,"TE17","112","178","130.3","16.2","-"
"130",9,"Cam Ward",FA,"QB21","91","168","134.1","19.5","-"
"131",9,"Michael Penix Jr.",ATL,"QB22","106","181","136.5","19.8","-"
"132",9,"Rachaad White",TB,"RB35","90","181","136.6","21.7","-"
"133",9,"Jaylin Noel",FA,"WR59","82","209","137.1","40.7","-"
"134",9,"Tank Bigsby",JAC,"RB36","97","182","137.2","27.4","-"
"135",9,"Pat Freiermuth",PIT,"TE18","121","180","139.3","16.4","-"
"136",9,"Bryce Young",CAR,"QB23","100","164","139.7","16.0","-"
"137",9,"Trey Benson",ARI,"RB37","76","196","140.3","36.0","-"
"138",9,"Anthony Richardson",IND,"QB24","84","213","142.4","33.6","-"
"139",9,"Cole Kmet",CHI,"TE19","114","211","143.7","25.1","-"
"140",9,"Romeo Doubs",GB,"WR60","113","185","143.9","20.3","-"
"141",9,"Kaleb Johnson",FA,"RB38","51","300","144.1","86.3","-"
"142",9,"Isaiah Likely",BAL,"TE20","103","217","144.6","34.1","-"
"143",9,"Elic Ayomanor",FA,"WR61","96","248","147.4","43.5","-"
"144",9,"Rashod Bateman",BAL,"WR62","108","208","148.6","25.3","-"
"145",9,"Tyjae Spears",TEN,"RB39","105","179","149.8","21.1","-"
"146",9,"Bhayshul Tuten",FA,"RB40","103","217","150.1","35.4","-"
"147",9,"Tank Dell",HOU,"WR63","105","230","152.6","38.8","-"
"148",9,"Marvin Mims Jr.",DEN,"WR64","114","216","153.4","27.6","-"
"149",9,"Xavier Legette",CAR,"WR65","125","184","153.4","15.8","-"
"150",9,"Shedeur Sanders",FA,"QB25","132","203","154.0","19.6","-"
"151",9,"Dylan Sampson",FA,"RB41","108","221","155.6","27.8","-"
"152",9,"Quentin Johnston",LAC,"WR66","115","207","155.8","26.6","-"
"153",9,"Blake Corum",LAR,"RB42","104","229","156.9","28.6","-"
"154",9,"Rico Dowdle",CAR,"RB43","110","191","157.1","26.6","-"
"155",9,"Sam Darnold",SEA,"QB26","111","280","157.6","40.7","-"
"156",9,"Cam Skattebo",FA,"RB44","75","296","157.9","56.4","-"
"157",9,"Cade Otton",TB,"TE21","117","250","159.6","29.1","-"
"158",9,"Cedric Tillman",CLE,"WR67","122","216","160.1","26.1","-"
"159",10,"Devin Neal",FA,"RB45","74","263","161.0","51.4","-"
"160",10,"Marquise Brown",KC,"WR68","121","196","161.3","21.9","-"
"161",10,"Javonte Williams",DAL,"RB46","112","200","163.4","26.0","-"
"162",10,"Justin Fields",NYJ,"QB27","108","220","163.7","37.2","-"
"163",10,"Amari Cooper",FA,"WR69","105","247","163.8","40.5","-"
"164",10,"DJ Giddens",FA,"RB47","102","254","165.0","57.2","-"
"165",10,"Keenan Allen",FA,"WR70","103","246","166.6","38.4","-"
"166",10,"Jalen Coker",CAR,"WR71","132","202","168.7","19.8","-"
"167",10,"Ray Davis",BUF,"RB48","118","201","169.3","20.1","-"
"168",10,"Elijah Arroyo",FA,"TE22","147","201","169.8","17.3","-"
"169",10,"Matthew Stafford",LAR,"QB28","136","247","170.7","34.4","-"
"170",10,"Damien Martinez",FA,"RB49","135","220","171.9","28.4","-"
"171",10,"Adonai Mitchell",IND,"WR72","132","212","172.3","22.0","-"
"172",10,"Hunter Henry",NE,"TE23","123","259","173.1","40.7","-"
"173",10,"Jordan Mason",MIN,"RB50","119","251","173.2","39.1","-"
"174",10,"Isaiah Bond",FA,"WR73","119","289","173.9","51.2","-"
"175",10,"Jaylen Wright",MIA,"RB51","124","241","175.4","29.6","-"
"176",10,"Dontayvion Wicks",GB,"WR74","143","202","175.6","15.6","-"
"177",10,"Christian Watson",GB,"WR75","129","227","176.1","33.1","-"
"178",10,"Wan'Dale Robinson",NYG,"WR76","124","224","177.1","25.8","-"
"179",10,"Ja'Tavion Sanders",CAR,"TE24","134","241","177.5","27.9","-"
"180",10,"Jerome Ford",CLE,"RB52","112","277","177.9","37.4","-"
"181",10,"Geno Smith",LV,"QB29","141","272","178.3","44.5","-"
"182",10,"Harold Fannin Jr.",FA,"TE25","123","275","179.9","41.7","-"
"183",10,"J.K. Dobbins",FA,"RB53","90","269","154.8","43.5","-"
"184",10,"Isaac Guerendo",SF,"RB54","123","352","182.6","52.0","-"
"185",10,"Jalen Royals",FA,"WR77","128","237","183.5","35.5","-"
"186",10,"Tyler Allgeier",ATL,"RB55","146","257","183.8","33.9","-"
"187",10,"DeAndre Hopkins",BAL,"WR78","127","249","185.7","33.1","-"
"188",10,"Braelon Allen",NYJ,"RB56","131","280","186.8","34.0","-"
"189",10,"Dalton Schultz",HOU,"TE26","150","268","187.7","26.8","-"
"190",10,"Joshua Palmer",BUF,"WR79","136","255","190.6","31.6","-"
"191",10,"Jaxson Dart",FA,"QB30","147","289","192.6","44.9","-"
"192",10,"DeMario Douglas",NE,"WR80","157","239","194.6","23.5","-"
"193",10,"Xavier Restrepo",FA,"WR81","144","282","196.3","33.2","-"
"194",10,"Jack Bech",FA,"WR82","147","295","196.5","43.0","-"
"195",10,"RJ Harvey",FA,"RB57","84","306","196.6","71.5","-"
"196",10,"Ollie Gordon II",FA,"RB58","146","266","203.3","36.3","-"
"197",10,"Adam Thielen",CAR,"WR83","143","273","204.5","43.2","-"
"198",10,"Alec Pierce",IND,"WR84","158","267","206.0","31.9","-"
"199",10,"Mike Gesicki",CIN,"TE27","144","297","207.2","42.4","-"
"200",11,"Chig Okonkwo",TEN,"TE28","169","269","210.2","32.3","-"
"201",11,"Michael Wilson",ARI,"WR85","168","253","201.5","25.8","-"
"202",11,"Ben Sinnott",WAS,"TE29","162","302","202.6","38.6","-"
"203",11,"Zach Ertz",WAS,"TE30","134","293","203.5","42.8","-"
"204",11,"Kendre Miller",NO,"RB59","130","291","208.7","43.2","-"
"205",11,"Jonathon Brooks",CAR,"RB60","124","232","170.6","32.8","-"
"206",11,"Audric Estime",DEN,"RB61","149","282","209.7","30.5","-"
"207",11,"Diontae Johnson",FA,"WR86","145","332","198.7","48.6","-"
"208",11,"Theo Johnson",NYG,"TE31","146","311","210.4","36.5","-"
"209",11,"Juwan Johnson",NO,"TE32","163","302","221.3","35.6","-"
"210",11,"MarShawn Lloyd",GB,"RB62","112","281","211.9","35.6","-"
"211",11,"Russell Wilson",NYG,"QB31","165","310","212.2","38.0","-"
"212",11,"Nick Chubb",FA,"RB63","130","286","202.1","43.7","-"
"213",11,"Tez Johnson",FA,"WR87","179","335","224.9","41.0","-"
"214",11,"Roman Wilson",PIT,"WR88","174","360","228.4","52.6","-"
"215",11,"Derek Carr",NO,"QB32","153","325","219.3","52.8","-"
"216",11,"Roschon Johnson",CHI,"RB64","149","273","219.9","30.5","-"
"217",11,"Noah Fant",SEA,"TE33","173","308","220.7","39.1","-"
"218",11,"Jalen Milroe",FA,"QB33","167","355","232.3","55.5","-"
"219",11,"Andrei Iosivas",CIN,"WR89","170","289","224.3","34.1","-"
"220",11,"Jalen Tolbert",DAL,"WR90","194","310","235.3","29.8","-"
"221",11,"Troy Franklin",DEN,"WR91","163","255","205.0","24.0","-"
"222",11,"Jaleel McLaughlin",DEN,"RB65","111","274","205.1","40.2","-"
"223",11,"Elijah Moore",FA,"WR92","176","257","217.9","20.8","-"
"224",11,"Gabe Davis",JAC,"WR93","197","338","237.1","34.0","-"
"225",11,"Austin Ekeler",WAS,"RB66","151","291","219.8","43.8","-"
"226",11,"Malik Washington",MIA,"WR94","159","269","225.5","27.5","-"
"227",11,"Parker Washington",JAC,"WR95","166","369","237.7","51.5","-"
"228",11,"Noah Gray",KC,"TE34","186","312","225.1","41.1","-"
"229",11,"Michael Mayer",LV,"TE35","155","318","226.2","40.5","-"
"230",11,"Antonio Gibson",NE,"RB67","187","304","228.3","28.6","-"
"231",11,"Devin Singletary",NYG,"RB68","175","264","228.9","27.8","-"
"232",11,"Darius Slayton",NYG,"WR96","210","337","240.9","30.5","-"
"233",11,"Brandin Cooks",NO,"WR97","182","353","241.3","45.6","-"
"234",11,"Luke McCaffrey",WAS,"WR98","214","345","248.4","33.9","-"
"235",11,"Jordan Whittington",LAR,"WR99","167","352","230.9","42.5","-"
"236",11,"Tyler Lockett",FA,"WR100","224","305","251.2","23.0","-"
"237",11,"Ja'Lynn Polk",NE,"WR101","176","286","233.1","36.3","-"
"238",11,"Aaron Rodgers",FA,"QB34","166","260","221.9","29.8","-"
"239",12,"Devaughn Vele",DEN,"WR102","184","298","225.3","32.4","-"
"240",12,"Daniel Jones",IND,"QB35","205","317","239.4","31.9","-"
"241",12,"Zack Moss",CIN,"RB69","157","360","252.1","56.2","-"
"242",12,"Kimani Vidal",LAC,"RB70","202","327","252.9","38.7","-"
"243",12,"Brenton Strange",JAC,"TE36","123","370","223.3","72.3","-"
"244",12,"Raheem Mostert",LV,"RB71","186","299","257.2","35.1","-"
"245",12,"Kayshon Boutte",NE,"WR103","172","316","224.3","40.4","-"
"246",12,"Khalil Herbert",IND,"RB72","206","342","261.8","39.6","-"
"247",12,"Kareem Hunt",KC,"RB73","188","315","262.9","33.0","-"
"248",12,"Javon Baker",NE,"WR104","209","310","243.4","28.7","-"
"249",12,"Taysom Hill",NO,"TE37","156","320","233.6","58.8","-"
"250",12,"Mike Williams",LAC,"WR105","199","318","246.1","32.5","-"
"251",12,"Los Angeles Rams",LAR,"DST1","149","375","246.2","51.8","-"
"252",12,"Luke Musgrave",GB,"TE38","165","327","257.4","47.3","-"
"253",12,"Trevor Etienne",FA,"RB74","172","308","224.6","52.5","-"
"254",12,"Jermaine Burton",CIN,"WR106","214","343","252.7","33.6","-"
"255",12,"Justice Hill",BAL,"RB75","183","283","253.8","29.0","-"
"256",12,"Mason Taylor",FA,"TE39","153","279","193.7","35.5","-"
"257",12,"Harrison Butker",KC,"K1","194","292","243.4","25.1","-"
"258",12,"Nick Westbrook-Ikhine",MIA,"WR107","193","318","255.6","40.3","-"
"259",12,"Will Levis",TEN,"QB36","167","328","244.6","49.3","-"
"260",12,"Will Dissly",LAC,"TE40","204","340","258.7","50.8","-"
"261",12,"Sincere McCormick",LV,"RB76","200","308","251.5","38.8","-"
"262",12,"Keaton Mitchell",BAL,"RB77","191","326","272.2","38.6","-"
"263",12,"Calvin Austin III",PIT,"WR108","201","372","263.3","52.2","-"
"264",12,"Miles Sanders",DAL,"RB78","216","303","263.4","26.7","-"
"265",12,"Brandon Aubrey",DAL,"K2","175","294","241.4","26.0","-"
"266",12,"Tory Horton",FA,"WR109","197","281","226.9","21.4","-"
"267",12,"Will Shipley",PHI,"RB79","175","359","254.5","50.0","-"
"268",12,"Dameon Pierce",HOU,"RB80","219","347","268.9","37.8","-"
"269",12,"John Metchie III",HOU,"WR110","240","349","270.9","28.2","-"
"270",12,"Isaiah Davis",NYJ,"RB81","218","304","273.1","29.6","-"
"271",12,"Tre Tucker",LV,"WR111","250","341","274.0","28.5","-"
"272",12,"Kenneth Gainwell",PIT,"RB82","179","357","274.9","42.0","-"
"273",12,"Cam Akers",FA,"RB83","232","358","284.2","35.5","-"
"274",12,"Sean Tucker",TB,"RB84","200","299","256.4","29.3","-"
"275",12,"Younghoe Koo",ATL,"K3","222","298","256.8","21.8","-"
"276",12,"Elijah Mitchell",KC,"RB85","212","305","269.0","29.0","-"
"277",12,"Gus Edwards",FA,"RB86","202","341","270.6","45.2","-"
"278",12,"Malachi Corley",NYJ,"WR112","215","319","260.4","36.6","-"
"279",12,"Pittsburgh Steelers",PIT,"DST2","166","276","233.6","27.4","-"
"280",12,"Miami Dolphins",MIA,"DST3","170","302","251.1","35.9","-"
"281",12,"Alexander Mattison",MIA,"RB87","236","328","283.5","24.4","-"
"282",12,"Philadelphia Eagles",PHI,"DST4","227","275","236.9","14.8","-"
"283",12,"Justin Tucker",BAL,"K4","201","348","265.6","39.0","-"
"284",12,"Denver Broncos",DEN,"DST5","202","277","239.4","18.1","-"
"285",12,"Kyle Monangai",FA,"RB88","192","353","267.1","47.7","-"
"286",12,"Matt Gay",FA,"K5","249","289","267.9","13.0","-"
"287",12,"Baltimore Ravens",BAL,"DST6","181","281","242.0","26.9","-"
"288",12,"Tyler Higbee",LAR,"TE41","209","342","269.3","45.2","-"
"289",12,"Zamir White",LV,"RB89","216","345","288.2","32.2","-"
"290",12,"Washington Commanders",WAS,"DST7","209","309","259.9","26.8","-"
"291",12,"Tyler Conklin",LAC,"TE42","196","338","260.0","42.6","-"
"292",12,"Will Reichard",MIN,"K6","241","259","245.8","5.4","-"
"293",12,"Jake Moody",SF,"K7","245","293","260.4","15.1","-"
"294",12,"Dyami Brown",JAC,"WR113","173","357","260.6","55.0","-"
"295",12,"Chris Boswell",PIT,"K8","222","321","273.4","26.9","-"
"296",12,"Evan McPherson",CIN,"K9","234","291","262.3","18.0","-"
"297",13,"Tutu Atwell",LAR,"WR114","209","359","284.7","43.2","-"
"298",13,"Daniel Carlson",LV,"K10","234","319","275.2","24.2","-"
"299",13,"Oronde Gadsden II",FA,"TE43","185","362","236.8","55.8","-"
"300",13,"Tyler Bass",BUF,"K11","251","290","270.5","13.2","-"
"301",13,"Arizona Cardinals",ARI,"DST8","208","385","270.7","43.8","-"
"302",13,"Curtis Samuel",BUF,"WR115","180","360","258.9","43.8","-"
"303",13,"Atlanta Falcons",ATL,"DST9","242","387","274.6","40.8","-"
"304",13,"New Orleans Saints",NO,"DST10","220","340","262.0","46.0","-"
"305",13,"New England Patriots",NE,"DST11","171","342","263.7","50.6","-"
"306",13,"Chicago Bears",CHI,"DST12","190","383","265.3","49.4","-"
"307",13,"Ty Chandler",MIN,"RB90","255","357","296.8","28.9","-"
"308",13,"Blake Grupe",NO,"K12","243","303","266.0","19.7","-"
"309",13,"Ty Johnson",BUF,"RB91","192","345","290.6","35.5","-"
"310",13,"Raheim Sanders",FA,"RB92","184","324","269.2","43.6","-"
"311",13,"Kansas City Chiefs",KC,"DST13","201","325","270.6","33.9","-"
"312",13,"Demarcus Robinson",SF,"WR116","211","376","282.8","57.1","-"
"313",13,"Noah Brown",WAS,"WR117","237","331","271.0","28.9","-"
"314",13,"Jahan Dotson",PHI,"WR118","200","347","271.1","42.9","-"
"315",13,"Dallas Cowboys",DAL,"DST14","223","299","258.6","26.1","-"
"316",13,"Savion Williams",FA,"WR119","199","330","241.7","44.7","-"
"317",13,"Tahj Brooks",FA,"RB93","200","379","290.2","53.0","-"
"318",13,"Seattle Seahawks",SEA,"DST15","251","366","290.2","40.6","-"
"319",13,"Brashard Smith",FA,"RB94","185","276","225.2","31.2","-"
"320",13,"Kirk Cousins",ATL,"QB37","204","323","248.9","39.4","-"
"321",13,"Jalen Nailor",MIN,"WR120","227","360","281.9","49.5","-"
"322",13,"Jason Sanders",MIA,"K13","240","334","282.0","25.1","-"
"323",13,"Jake Elliott",PHI,"K14","248","368","282.1","32.6","-"
"324",13,"Dawson Knox",BUF,"TE44","188","340","282.4","54.6","-"
"325",13,"A.J. Dillon",PHI,"RB95","259","370","293.3","29.3","-"
"326",13,"Cameron Dicker",LAC,"K15","244","304","270.5","17.0","-"
"327",13,"Aidan O'Connell",LV,"QB38","236","383","295.9","49.8","-"
"328",13,"Jordan James",FA,"RB96","191","325","257.1","52.4","-"
"329",13,"Gunnar Helm",FA,"TE45","140","283","204.6","51.3","-"
"330",13,"Kyle Williams",FA,"WR121","119","385","207.0","93.6","-"
"331",13,"Green Bay Packers",GB,"DST16","235","317","277.6","24.1","-"
"332",13,"Ka'imi Fairbairn",HOU,"K16","237","337","277.9","30.2","-"
"333",13,"Joshua Karty",LAR,"K17","245","380","281.1","40.7","-"
"334",13,"Donovan Edwards",FA,"RB97","236","343","281.6","35.7","-"
"335",13,"Buffalo Bills",BUF,"DST17","153","325","248.2","52.5","-"
"336",13,"Jalin Hyatt",NYG,"WR122","247","363","297.0","37.0","-"
"337",13,"Terrance Ferguson",FA,"TE46","168","364","251.0","62.3","-"
"338",13,"LeQuint Allen Jr.",FA,"RB98","193","309","227.4","41.7","-"
"339",13,"San Francisco 49ers",SF,"DST18","198","293","258.0","35.3","-"
"340",13,"Minnesota Vikings",MIN,"DST19","226","379","291.3","43.0","-"
"341",13,"Houston Texans",HOU,"DST20","258","384","291.9","37.9","-"
"342",13,"Jarquez Hunter",FA,"RB99","173","374","259.2","76.0","-"
"343",13,"Chris Rodriguez Jr.",WAS,"RB100","281","346","304.9","19.8","-"
"344",13,"Los Angeles Chargers",LAC,"DST21","250","335","280.4","27.0","-"
"345",13,"New York Jets",NYJ,"DST22","224","284","263.0","21.6","-"
"346",13,"Erick All Jr.",CIN,"TE47","246","361","295.0","38.0","-"
"347",13,"Tennessee Titans",TEN,"DST23","250","412","300.0","56.0","-"
"348",13,"Wil Lutz",DEN,"K18","216","367","284.3","53.3","-"
"349",13,"Brandon McManus",GB,"K19","244","323","268.0","26.4","-"
"350",13,"Ray-Ray McCloud III",ATL,"WR123","171","305","243.6","47.6","-"
"351",13,"Greg Zuerlein",NYJ,"K20","256","321","286.6","19.5","-"
"352",14,"Tyler Shough",FA,"QB39","182","390","251.6","72.8","-"
"353",14,"Jaydon Blue",FA,"RB101","174","307","218.8","53.5","-"
"354",14,"AJ Barner",SEA,"TE48","220","386","292.7","55.4","-"
"355",14,"Jameis Winston",NYG,"QB40","220","345","292.9","47.3","-"
"356",14,"Cade Stover",HOU,"TE49","255","319","293.6","23.5","-"
"357",14,"Jake Bates",DET,"K21","200","290","254.8","30.6","-"
"358",14,"Marcus Yarns",FA,"RB102","172","303","255.6","44.9","-"
"359",14,"Cam Little",JAC,"K22","257","381","306.5","45.3","-"
"360",14,"Antwane Wells Jr.",FA,"WR124","225","316","256.4","31.0","-"
"361",14,"Tim Patrick",DET,"WR125","195","376","279.3","70.6","-"
"362",14,"Treylon Burks",TEN,"WR126","211","345","279.3","41.1","-"
"363",14,"Trey Palmer",TB,"WR127","239","344","283.7","34.3","-"
"364",14,"Tai Felton",FA,"WR128","181","367","263.6","74.1","-"
"365",14,"Tampa Bay Buccaneers",TB,"DST24","164","322","234.3","57.2","-"
"366",14,"Ricky White III",FA,"WR129","227","363","265.6","50.5","-"
"367",14,"Emanuel Wilson",GB,"RB103","240","289","266.0","16.8","-"
"368",14,"Nick Nash",FA,"WR130","191","365","269.4","57.7","-"
"369",14,"Samaje Perine",CIN,"RB104","268","387","315.5","40.3","-"
"370",14,"Jonathan Mingo",DAL,"WR131","236","334","290.5","33.7","-"
"371",14,"Theo Wease",FA,"WR132","232","349","271.0","43.6","-"
"372",14,"Jacob Cowing",SF,"WR133","264","383","305.7","42.8","-"
"373",14,"Pat Bryant",FA,"WR134","194","339","273.2","51.8","-"
"374",14,"Luke Schoonmaker",DAL,"TE50","268","350","307.6","30.2","-"
"375",14,"Woody Marks",FA,"RB105","217","347","277.0","44.7","-"
"376",14,"New York Giants",NYG,"DST25","273","411","314.1","52.3","-"
"377",14,"Cleveland Browns",CLE,"DST26","212","286","253.0","27.2","-"
"378",14,"Greg Dulcich",NYG,"TE51","205","334","282.0","45.5","-"
"379",14,"Chris Brooks",GB,"RB106","289","324","300.7","11.0","-"
"380",14,"Dylan Laube",LV,"RB107","241","309","284.4","24.5","-"
"381",14,"Joe Milton III",DAL,"QB41","168","381","285.4","70.4","-"
"382",14,"Devontez Walker",BAL,"WR135","283","316","303.0","11.8","-"
"383",14,"Las Vegas Raiders",LV,"DST27","270","389","304.2","44.4","-"
"384",14,"Greg Dortch",ARI,"WR136","270","362","308.7","37.9","-"
"385",14,"Gerald Everett",FA,"TE52","177","367","270.3","85.4","-"
"386",14,"Emari Demercado",ARI,"RB108","168","375","295.0","77.3","-"
"387",14,"Luke Lachey",FA,"TE53","258","360","296.8","35.0","-"
"388",14,"Detroit Lions",DET,"DST28","248","371","297.2","40.6","-"
"389",14,"Darnell Washington",PIT,"TE54","274","342","312.8","28.8","-"
"390",14,"KaVontae Turpin",DAL,"WR137","241","397","299.2","52.2","-"
"391",14,"Zay Jones",ARI,"WR138","212","354","301.4","51.8","-"
"392",14,"Indianapolis Colts",IND,"DST29","214","354","280.3","52.1","-"
"393",14,"Matt Prater",FA,"K23","193","380","284.8","67.8","-"
"394",14,"Quinn Ewers",FA,"QB42","185","326","249.7","58.1","-"
"395",14,"Chase McLaughlin",TB,"K24","217","388","308.6","63.6","-"
"396",14,"Dustin Hopkins",CLE,"K25","272","373","308.6","42.8","-"
"397",14,"Dont'e Thornton Jr.",FA,"WR139","211","321","254.7","47.7","-"
"398",14,"Jake Bobo",SEA,"WR140","171","389","289.3","78.0","-"
"399",14,"Ameer Abdullah",FA,"RB109","290","356","311.2","23.6","-"
"400",14,"Rasheen Ali",BAL,"RB110","270","369","311.8","32.8","-"
"401",14,"Jeremy Ruckert",NYJ,"TE55","255","391","325.2","41.0","-"
"402",14,"Austin Hooper",NE,"TE56","263","394","313.2","48.3","-"
"403",14,"Jelani Woods",IND,"TE57","280","337","313.0","22.5","-"
"404",14,"Jason Myers",SEA,"K26","273","372","313.4","39.9","-"
"405",14,"Kendrick Bourne",NE,"WR141","285","358","326.5","23.9","-"
"406",14,"Foster Moreau",NO,"TE58","264","399","337.9","40.7","-"
"407",14,"D'Onta Foreman",FA,"RB111","271","361","315.2","33.6","-"
"408",14,"Mason Rudolph",PIT,"QB43","261","380","315.8","47.4","-"
"409",14,"Eddy Pineiro",FA,"K27","266","382","319.0","51.8","-"
"410",14,"Marquez Valdes-Scantling",SEA,"WR142","195","317","272.3","54.9","-"
"411",14,"Cincinnati Bengals",CIN,"DST30","239","409","307.5","62.6","-"
"412",14,"Mack Hollins",NE,"WR143","242","315","275.0","30.2","-"
"413",15,"Pierre Strong Jr.",CLE,"RB112","280","340","307.0","22.4","-"
"414",15,"Isaac TeSlaa",FA,"WR144","243","333","280.3","38.3","-"
"415",15,"Clyde Edwards-Helaire",NO,"RB113","294","361","325.2","25.7","-"
"416",15,"Tyler Boyd",FA,"WR145","234","323","282.0","36.7","-"
"417",15,"Jaydn Ott",FA,"RB114","284","364","310.5","31.4","-"
"418",15,"Colby Parkinson",LAR,"TE59","284","368","327.0","29.7","-"
"419",15,"K.J. Osborn",WAS,"WR146","281","294","288.3","5.4","-"
"420",15,"Cairo Santos",CHI,"K28","278","404","332.0","51.3","-"
"421",15,"Ja'Quinden Jackson",FA,"RB115","266","306","291.0","17.8","-"
"422",15,"Israel Abanikanda",SF,"RB116","288","363","317.3","30.0","-"
"423",15,"Jalin Conyers",FA,"TE60","274","317","293.7","17.8","-"
"424",15,"Malik Willis",GB,"QB44","264","340","294.0","33.0","-"
"425",15,"A.T. Perry",DEN,"WR147","240","333","294.3","39.5","-"
"426",15,"Benjamin Yurosek",FA,"TE61","273","314","294.3","16.8","-"
"427",15,"Carson Steele",KC,"RB117","260","357","322.8","38.6","-"
"428",15,"Jacksonville Jaguars",JAC,"DST31","240","352","301.0","46.3","-"
"429",15,"Rondale Moore",MIN,"WR148","276","395","327.3","44.3","-"
"430",15,"Eric Gray",NYG,"RB118","273","323","305.0","22.7","-"
"431",15,"Spencer Rattler",NO,"QB45","272","334","305.7","25.6","-"
"432",15,"Deshaun Watson",CLE,"QB46","286","384","327.5","42.1","-"
"433",15,"Jared Wiley",KC,"TE62","312","364","340.2","20.0","-"
"434",15,"Jake Browning",CIN,"QB47","263","272","267.5","4.5","-"
"435",15,"Davis Allen",LAR,"TE63","245","356","309.0","46.9","-"
"436",15,"Kyle McCord",FA,"QB48","223","317","270.0","47.0","-"
"437",15,"Hayden Hurst",FA,"TE64","259","378","330.8","45.6","-"
"438",15,"Cooper Rush",BAL,"QB49","269","276","272.5","3.5","-"
"439",15,"Dillon Gabriel",FA,"QB50","222","413","320.0","78.1","-"
"440",15,"Graham Gano",NYG,"K29","259","405","317.7","63.0","-"
"441",15,"JuJu Smith-Schuster",KC,"WR149","268","396","335.3","45.4","-"
"442",15,"Kalel Mullings",FA,"RB119","246","309","277.5","31.5","-"
"443",15,"Gardner Minshew II",KC,"QB51","243","369","315.7","53.2","-"
"444",15,"Daniel Bellinger",NYG,"TE65","299","388","334.8","37.1","-"
"445",15,"Jeremy McNichols",WAS,"RB120","250","309","279.5","29.5","-"
"446",15,"Riley Leonard",FA,"QB52","225","337","281.0","56.0","-"
"447",15,"Tommy Tremble",CAR,"TE66","256","375","318.0","48.7","-"
"448",15,"Jacoby Brissett",ARI,"QB53","277","287","282.0","5.0","-"
"449",15,"Jamaal Williams",FA,"RB121","297","346","319.3","20.2","-"
"450",15,"Harrison Bryant",PHI,"TE67","297","332","319.3","15.8","-"
"451",15,"Deion Burks",FA,"WR150","253","321","287.0","34.0","-"
"452",15,"Ezekiel Elliott",FA,"RB122","298","357","321.7","25.5","-"
"453",15,"Mac Jones",SF,"QB54","265","376","322.7","45.4","-"
"454",15,"Sam Howell",SEA,"QB55","264","400","342.8","50.8","-"
"455",15,"Kalif Raymond",DET,"WR151","276","307","291.5","15.5","-"
"456",15,"Joe Flacco",CLE,"QB56","253","374","325.7","52.3","-"
"457",15,"Trey Sermon",FA,"RB123","281","366","325.7","34.8","-"
"458",15,"Carolina Panthers",CAR,"DST32","304","410","347.0","45.3","-"
"459",15,"Jake Briningstool",FA,"TE68","293","377","326.7","36.3","-"
"460",15,"Michael Carter",ARI,"RB124","295","392","352.6","33.1","-"
"461",15,"Cody Schrader",LAR,"RB125","274","317","295.5","21.5","-"
"462",15,"Jaheim Bell",NE,"TE69","283","359","328.0","32.6","-"
"463",15,"Evan Hull",PIT,"RB126","230","365","297.5","67.5","-"
"464",15,"Grant Calcaterra",PHI,"TE70","232","365","298.5","66.5","-"
"465",15,"Jaylin Lane",FA,"WR152","278","328","303.0","25.0","-"
"466",15,"Bub Means",NO,"WR153","273","379","334.0","44.7","-"
"467",15,"Van Jefferson",TEN,"WR154","304","398","336.7","43.4","-"
"468",15,"Jeff Wilson Jr.",FA,"RB127","301","356","335.7","24.6","-"
"469",15,"Kenny Pickett",CLE,"QB57","329","393","350.3","25.8","-"
"470",15,"Blake Watson",DEN,"RB128","251","367","309.0","58.0","-"
"471",15,"Deuce Vaughn",DAL,"RB129","317","370","336.3","23.9","-"
"472",15,"Brenden Rice",LAC,"WR155","305","314","309.5","4.5","-"
"473",15,"Desmond Ridder",FA,"QB58","329","351","337.7","9.6","-"
"474",15,"Odell Beckham Jr.",FA,"WR156","261","363","312.0","51.0","-"
"475",15,"Trey Lance",LAC,"QB59","285","339","312.0","27.0","-"
"476",15,"Isaiah Hodgins",SF,"WR157","270","355","312.5","42.5","-"
"477",15,"Josh Reynolds",NYJ,"WR158","272","356","314.0","42.0","-"
"478",15,"Phil Mafah",FA,"RB130","292","336","314.0","22.0","-"
"479",15,"Josh Oliver",MIN,"TE71","281","349","315.0","34.0","-"
"480",15,"Bo Melton",GB,"WR159","264","368","316.0","52.0","-"
"481",15,"Brevin Jordan",HOU,"TE72","333","347","341.3","6.0","-"
"482",15,"Kadarius Toney",FA,"WR160","279","355","317.0","38.0","-"
"483",15,"Allen Lazard",NYJ,"WR161","288","364","326.0","38.0","-"
"484",16,"Xavier Hutchinson",HOU,"WR162","302","355","328.5","26.5","-"
"485",16,"Hunter Long",JAC,"TE73","318","343","330.5","12.5","-"
"486",16,"Chad Ryland",ARI,"K30","271","408","339.5","68.5","-"
"487",16,"Tyler Huntley",FA,"QB60","326","338","332.0","6.0","-"
"488",16,"Donald Parham Jr.",PIT,"TE74","325","341","333.0","8.0","-"
"489",16,"Johnny Wilson",PHI,"WR163","308","402","356.3","38.4","-"
"490",16,"Raheem Blackshear",CAR,"RB131","316","353","334.5","18.5","-"
"491",16,"Sterling Shepard",TB,"WR164","330","341","335.5","5.5","-"
"492",16,"Greg Joseph",FA,"K31","297","406","360.0","46.1","-"
"493",16,"Cordarrelle Patterson",PIT,"RB132","295","381","338.0","43.0","-"
"494",16,"Tyler Scott",CHI,"WR165","311","366","338.5","27.5","-"
"495",16,"Zach Wilson",MIA,"QB61","335","401","360.0","29.2","-"
"496",16,"Nick Folk",FA,"K32","299","386","342.5","43.5","-"
"497",16,"Ainias Smith",PHI,"WR166","338","382","360.7","18.0","-"
"498",16,"Joey Slye",TEN,"K33","326","407","367.3","33.1","-"
"499",16,"Adam Trautman",DEN,"TE75","336","362","349.0","13.0","-"
"500",16,"Andy Dalton",CAR,"QB62","345","353","349.0","4.0","-"
"501",16,"Hendon Hooker",DET,"QB63","307","403","355.0","48.0","-"
"502",16,"Kylen Granson",PHI,"TE76","328","375","351.5","23.5","-"
"503",16,"Cole Turner",WAS,"TE77","345","367","356.0","11.0","-"
"504",16,"John Bates",WAS,"TE78","351","366","358.5","7.5","-"
"505",16,"Will Mallory",IND,"TE79","347","373","360.0","13.0","-"